score:3.58,tokens:2,occurences:12,seq:["using","System"]

score:5.27,tokens:3,occurences:10,seq:["using","System","."]

score:2,tokens:2,occurences:4,seq:["}","/"]

score:3.17,tokens:3,occurences:4,seq:["}","/","/"]

score:4,tokens:4,occurences:4,seq:["}","/","/","end"]

score:1.58,tokens:3,occurences:2,seq:["using","System",";"]

score:2,tokens:4,occurences:2,seq:["using","System",".","Collections"]

score:2.32,tokens:5,occurences:2,seq:["using","System",".","Collections","."]

score:2.58,tokens:6,occurences:2,seq:["using","System",".","Collections",".","Generic"]

score:2.81,tokens:7,occurences:2,seq:["using","System",".","Collections",".","Generic",";"]

score:2,tokens:4,occurences:2,seq:["using","System",".","Linq"]

score:2.32,tokens:5,occurences:2,seq:["using","System",".","Linq",";"]

score:2,tokens:4,occurences:2,seq:["using","System",".","Text"]

score:2.32,tokens:5,occurences:2,seq:["using","System",".","Text",";"]

score:2,tokens:4,occurences:2,seq:["using","System",".","Threading"]

score:2.32,tokens:5,occurences:2,seq:["using","System",".","Threading","."]

score:2.58,tokens:6,occurences:2,seq:["using","System",".","Threading",".","Tasks"]

score:2.81,tokens:7,occurences:2,seq:["using","System",".","Threading",".","Tasks",";"]

score:2,tokens:4,occurences:2,seq:["using","System",".","IO"]

score:2.32,tokens:5,occurences:2,seq:["using","System",".","IO",";"]

score:1,tokens:2,occurences:2,seq:["namespace","ProgrammingTask"]

score:1,tokens:2,occurences:2,seq:["class","Program"]

score:1,tokens:2,occurences:2,seq:["static","void"]

score:1.58,tokens:3,occurences:2,seq:["static","void","Main"]

score:2,tokens:4,occurences:2,seq:["static","void","Main","("]

score:2.32,tokens:5,occurences:2,seq:["static","void","Main","(","string"]

score:2.58,tokens:6,occurences:2,seq:["static","void","Main","(","string","["]

score:2.81,tokens:7,occurences:2,seq:["static","void","Main","(","string","[","]"]

score:3,tokens:8,occurences:2,seq:["static","void","Main","(","string","[","]","args"]

score:3.17,tokens:9,occurences:2,seq:["static","void","Main","(","string","[","]","args",")"]

score:1,tokens:2,occurences:2,seq:["Console","."]

score:1.58,tokens:3,occurences:2,seq:["Console",".","WriteLine"]

score:2,tokens:4,occurences:2,seq:["Console",".","WriteLine","("]

score:2.32,tokens:5,occurences:2,seq:["Console",".","WriteLine","(",""Hello"]

score:2.58,tokens:6,occurences:2,seq:["Console",".","WriteLine","(",""Hello","World""]

score:2.81,tokens:7,occurences:2,seq:["Console",".","WriteLine","(",""Hello","World"",")"]

score:3,tokens:8,occurences:2,seq:["Console",".","WriteLine","(",""Hello","World"",")",";"]

score:1,tokens:2,occurences:2,seq:["public","void"]

score:1.58,tokens:3,occurences:2,seq:["public","void","ReadFiles"]

score:2,tokens:4,occurences:2,seq:["public","void","ReadFiles","("]

score:2.32,tokens:5,occurences:2,seq:["public","void","ReadFiles","(",")"]

score:1,tokens:2,occurences:2,seq:["string","folderPath"]

score:1.58,tokens:3,occurences:2,seq:["string","folderPath","="]

score:2,tokens:4,occurences:2,seq:["string","folderPath","=",""H"]

score:2.32,tokens:5,occurences:2,seq:["string","folderPath","=",""H",":"]

score:2.58,tokens:6,occurences:2,seq:["string","folderPath","=",""H",":","\"]

score:2.81,tokens:7,occurences:2,seq:["string","folderPath","=",""H",":","\","\"]

score:3,tokens:8,occurences:2,seq:["string","folderPath","=",""H",":","\","\","SoftwareProductLines"]

score:3.17,tokens:9,occurences:2,seq:["string","folderPath","=",""H",":","\","\","SoftwareProductLines","\"]

score:3.32,tokens:10,occurences:2,seq:["string","folderPath","=",""H",":","\","\","SoftwareProductLines","\","\"]

score:3.46,tokens:11,occurences:2,seq:["string","folderPath","=",""H",":","\","\","SoftwareProductLines","\","\","UofA"]

score:3.58,tokens:12,occurences:2,seq:["string","folderPath","=",""H",":","\","\","SoftwareProductLines","\","\","UofA","\"]

score:3.7,tokens:13,occurences:2,seq:["string","folderPath","=",""H",":","\","\","SoftwareProductLines","\","\","UofA","\","\"]

score:3.81,tokens:14,occurences:2,seq:["string","folderPath","=",""H",":","\","\","SoftwareProductLines","\","\","UofA","\","\","Tasks"]

score:3.91,tokens:15,occurences:2,seq:["string","folderPath","=",""H",":","\","\","SoftwareProductLines","\","\","UofA","\","\","Tasks","\"]

score:4,tokens:16,occurences:2,seq:["string","folderPath","=",""H",":","\","\","SoftwareProductLines","\","\","UofA","\","\","Tasks","\","\"]

score:4.09,tokens:17,occurences:2,seq:["string","folderPath","=",""H",":","\","\","SoftwareProductLines","\","\","UofA","\","\","Tasks","\","\","Tokenization""]

score:4.17,tokens:18,occurences:2,seq:["string","folderPath","=",""H",":","\","\","SoftwareProductLines","\","\","UofA","\","\","Tasks","\","\","Tokenization"",";"]

score:1,tokens:2,occurences:2,seq:["foreach","("]

score:1.58,tokens:3,occurences:2,seq:["foreach","(","string"]

score:2,tokens:4,occurences:2,seq:["foreach","(","string","file"]

score:2.32,tokens:5,occurences:2,seq:["foreach","(","string","file","in"]

score:2.58,tokens:6,occurences:2,seq:["foreach","(","string","file","in","Directory"]

score:2.81,tokens:7,occurences:2,seq:["foreach","(","string","file","in","Directory","."]

score:3,tokens:8,occurences:2,seq:["foreach","(","string","file","in","Directory",".","EnumerateFiles"]

score:3.17,tokens:9,occurences:2,seq:["foreach","(","string","file","in","Directory",".","EnumerateFiles","("]

score:3.32,tokens:10,occurences:2,seq:["foreach","(","string","file","in","Directory",".","EnumerateFiles","(","folderPath"]

score:3.46,tokens:11,occurences:2,seq:["foreach","(","string","file","in","Directory",".","EnumerateFiles","(","folderPath",","]

score:3.58,tokens:12,occurences:2,seq:["foreach","(","string","file","in","Directory",".","EnumerateFiles","(","folderPath",",",""*"]

score:3.7,tokens:13,occurences:2,seq:["foreach","(","string","file","in","Directory",".","EnumerateFiles","(","folderPath",",",""*","."]

score:3.81,tokens:14,occurences:2,seq:["foreach","(","string","file","in","Directory",".","EnumerateFiles","(","folderPath",",",""*",".","xml""]

score:3.91,tokens:15,occurences:2,seq:["foreach","(","string","file","in","Directory",".","EnumerateFiles","(","folderPath",",",""*",".","xml"",")"]

score:4,tokens:16,occurences:2,seq:["foreach","(","string","file","in","Directory",".","EnumerateFiles","(","folderPath",",",""*",".","xml"",")",")"]

score:1,tokens:2,occurences:2,seq:["string","contents"]

score:1.58,tokens:3,occurences:2,seq:["string","contents","="]

score:2,tokens:4,occurences:2,seq:["string","contents","=","File"]

score:2.32,tokens:5,occurences:2,seq:["string","contents","=","File","."]

score:2.58,tokens:6,occurences:2,seq:["string","contents","=","File",".","ReadAllText"]

score:2.81,tokens:7,occurences:2,seq:["string","contents","=","File",".","ReadAllText","("]

score:3,tokens:8,occurences:2,seq:["string","contents","=","File",".","ReadAllText","(","file"]

score:3.17,tokens:9,occurences:2,seq:["string","contents","=","File",".","ReadAllText","(","file",")"]

score:3.32,tokens:10,occurences:2,seq:["string","contents","=","File",".","ReadAllText","(","file",")",";"]

score:2.32,tokens:5,occurences:2,seq:["}","/","/","end","foreach"]

score:2.32,tokens:5,occurences:2,seq:["}","/","/","end","method"]

